{
    "exposedToInfectiousRate": 0.1666666716337204,
    "symptomaticRecoveryRate": 0.2570694088935852,
    "asymptomaticRecoveryRate": 0.6211180090904236,
    "hospitalizationRecoveryRate": 0.1428571492433548,
    "criticalRecoveryRate": 0.09090909361839295,
    "recoveredToSusceptibleRate": 0.0010010009864345193,
    "vaccinatedToSusceptibleRate": -1.0,
    "hospToNonHospProportion": 0.002199999988079071,
    "asympToSympProportion": 0.8381999731063843,
    "criticalToHospProportion": 0.0010000000474974514,
    "deceasedToCriticalRecovProportion": 0.000005599999894911889,
    "sympTransmissionRate": 0.5526992678642273,
    "asympTransmissionRate": 1.3354038000106812,
    "hospitalTransmissionRate": 0.30714288353919985,
    "criticalTransmissionRate": 0.19545455276966096,
    "visitorTransmissionRate": -1.0,
    "susceptibleTestingRate": 0.0,
    "exposedTestingRate": 0.0,
    "symptomaticTestingRate": 0.0,
    "asymptomaticTestingRate": 0.0,
    "hospitalizationTestingRate": 0.0,
    "criticalTestingRate": 0.0,
    "recoveredTestingRate": 0.0,
    "vaccinatedTestingRate": 0.0,
    "falsePosRate": 0.0,
    "falseNegRate": 0.0
}
