{    
    "exposedToInfectiousRate": 0.2666666716337204,
    "symptomaticRecoveryRate": 0.3570694088935852,
    "asymptomaticRecoveryRate": 0.5211180090904236,
    "hospitalizationRecoveryRate": 0.3428571492433548,
    "criticalRecoveryRate": 0.20000000149011612,
    "recoveredToSusceptibleRate": 0.00030001000191550702,
    "vaccinatedToSusceptibleRate": 0.00015001000191550702,
    "hospToNonHospRatio": 0.012199999988079071,
    "asympToSympRatio": 0.5381999731063843,
    "criticalToHospRatio": 0.0110000000474974514,
    "deceasedToCriticalRecovRatio": 0.000105599999894911889,
    "sympTransmissionRate": 0.9501285195350647,
    "asympTransmissionRate": 0.3291926383972169,
    "hospitalTransmissionRate": 0.60571430921554568,
    "criticalTransmissionRate": 0.41400001645088197,
    "visitorTransmissionRate": -1.0,
    "susceptibleTestingRate": 0.0,
    "exposedTestingRate": 0.0,
    "symptomaticTestingRate": 0.012,
    "asymptomaticTestingRate": 0.011,
    "hospitalizationTestingRate": 0.05,
    "criticalTestingRate": 0.02,
    "recoveredTestingRate": 0.01,
    "vaccinatedTestingRate": 0.001,
    "falsePosRate": 0.01,
    "falseNegRate": 0.02
}
